	Unnamed: 0	Genotype	Phenotype	Haplotype1	Haplotype2	AlternativePhase	VariantData	CNV	Gene	Excel_Genotype	Excel_Phenotype	Missed Excel genotypes
0	NA19789_subset	*1/*1	Normal Metabolizer	*1;	*1;	;	*1:default;		CYP2C19	CYP2C19:wildtype/wildtype	EXTENSIVE/NORMAL METABOLIZER	
1	NA12813_subset	*1/*17	Rapid Metabolizer	*1;	*17;	;	*17:10-96521657-C-T:0.364;*1:default;		CYP2C19	CYP2C19:wildtype/*17	EXTENSIVE/NORMAL METABOLIZER	
2	NA18526_subset	*1/*1	Normal Metabolizer	*1;	*1;	;	*1:default;		CYP2C19	CYP2C19:wildtype/wildtype	EXTENSIVE/NORMAL METABOLIZER	
3	NA19819_subset	*1/*17	Rapid Metabolizer	*1;	*17;	;	*17:10-96521657-C-T:0.455;*1:default;		CYP2C19	CYP2C19:wildtype/*17	EXTENSIVE/NORMAL METABOLIZER	
4	NA12873_subset	*1/*17	Rapid Metabolizer	*1;	*17;	;	*17:10-96521657-C-T:0.469;*1:default;		CYP2C19	CYP2C19:wildtype/*17	EXTENSIVE/NORMAL METABOLIZER	
5	NA18973_subset	*1/*1	Normal Metabolizer	*1;	*1;	;	*1:default;		CYP2C19	CYP2C19:wildtype/wildtype	EXTENSIVE/NORMAL METABOLIZER	
6	NA18861_subset	*1/*1	Normal Metabolizer	*1;	*1;	;	*1:default;		CYP2C19	CYP2C19:wildtype/wildtype	EXTENSIVE/NORMAL METABOLIZER	
7	NA12003_subset	*1/*1	Normal Metabolizer	*1;	*1;	;	*1:default;		CYP2C19	CYP2C19:wildtype/wildtype	EXTENSIVE/NORMAL METABOLIZER	
8	NA07019_subset	*1/*17	Rapid Metabolizer	*1;	*17;	;	*17:10-96521657-C-T:0.406;*1:default;		CYP2C19	CYP2C19:wildtype/*17	EXTENSIVE/NORMAL METABOLIZER	
9	NA21781_subset	*1/*2	Intermediate Metabolizer	*1;	*2;	;	*2:10-96541616-G-A,10-96535124-A-G:0.434,0.429;*1:default;		CYP2C19	CYP2C19:wildtype/*2	INTERMEDIATE METABOLIZER	
10	NA12145_subset	*2/*17	Intermediate Metabolizer	*2;	*17;	;	*2:10-96541616-G-A,10-96535124-A-G:0.54,0.436;*17:10-96521657-C-T:0.562;		CYP2C19	CYP2C19:wildtype/*17_wildtype/*2	INTERMEDIATE METABOLIZER	
11	NA18565_subset	*1/*1	Normal Metabolizer	*1;	*1;	;	*1:default;		CYP2C19	CYP2C19:wildtype/wildtype	EXTENSIVE/NORMAL METABOLIZER	
12	NA18552_subset	*1/*4	Intermediate Metabolizer	*1;	*4;	;	*4:10-96522463-A-G:0.5;*1:default;		CYP2C19	CYP2C19:wildtype/*4	INTERMEDIATE METABOLIZER	
13	NA06991_subset	*1/*1	Normal Metabolizer	*1;	*1;	;	*1:default;		CYP2C19	CYP2C19:wildtype/wildtype	EXTENSIVE/NORMAL METABOLIZER	
14	NA19178_subset	*1/*6	Intermediate Metabolizer	*1;	*6;	;	*6:10-96535210-G-A:0.488;*1:default;		CYP2C19	CYP2C19:wildtype/*6	INTERMEDIATE METABOLIZER	
15	HG01190_subset	*1/*2	Intermediate Metabolizer	*1;	*2;	;	*2:10-96535124-A-G,10-96541616-G-A:0.389,0.412;*1:default;		CYP2C19	CYP2C19:wildtype/*2	INTERMEDIATE METABOLIZER	
16	NA07055_subset	*1/*17	Rapid Metabolizer	*1;	*17;	;	*17:10-96521657-C-T:0.439;*1:default;		CYP2C19	CYP2C19:wildtype/*17	EXTENSIVE/NORMAL METABOLIZER	
17	NA12006_subset	*1/*1	Normal Metabolizer	*1;	*1;	;	*1:default;		CYP2C19	CYP2C19:wildtype/wildtype	EXTENSIVE/NORMAL METABOLIZER	
18	NA18942_subset	*1/*1	Normal Metabolizer	*1;	*1;	;	*1:default;		CYP2C19	CYP2C19:wildtype/wildtype	EXTENSIVE/NORMAL METABOLIZER	
19	HG00436_subset	*1/*1	Normal Metabolizer	*1;	*1;	;	*1:default;		CYP2C19	CYP2C19:wildtype/wildtype	EXTENSIVE/NORMAL METABOLIZER	
20	NA19007_subset	*1/*1	Normal Metabolizer	*1;	*1;	;	*1:default;		CYP2C19	CYP2C19:wildtype/wildtype	EXTENSIVE/NORMAL METABOLIZER	
21	NA12717_subset	*2/*2	Poor Metabolizer	*2;	*2;	;	*2:10-96541616-G-A,10-96535124-A-G:1.0,1.0;		CYP2C19	CYP2C19:*2/*2	POOR METABOLIZER	
22	NA18509_subset	*2/*2	Poor Metabolizer	*2;	*2;	;	*2:10-96541616-G-A,10-96535124-A-G:1.0,1.0;		CYP2C19	CYP2C19:*2/*2	POOR METABOLIZER	
23	NA18524_subset	*1/*2	Intermediate Metabolizer	*1;	*2;	;	*2:10-96541616-G-A,10-96535124-A-G:0.543,0.432;*1:default;		CYP2C19	CYP2C19:wildtype/*2	INTERMEDIATE METABOLIZER	
24	NA19003_subset	*1/*2	Intermediate Metabolizer	*1;	*2;	;	*2:10-96535124-A-G,10-96541616-G-A:0.41,0.54;*1:default;		CYP2C19	CYP2C19:wildtype/*2	INTERMEDIATE METABOLIZER	
25	NA18868_subset	*1/*2	Intermediate Metabolizer	*1;	*2;	;	*2:10-96541616-G-A,10-96535124-A-G:0.548,0.471;*1:default;		CYP2C19	CYP2C19:wildtype/*2	INTERMEDIATE METABOLIZER	
26	NA19109_subset	*17/*17	Ultrarapid Metabolizer	*17;	*17;	;	*17:10-96521657-C-T:1.0;		CYP2C19	CYP2C19:*17/*17	ULTRARAPID METABOLIZER	
27	NA18959_subset	*1/*1	Normal Metabolizer	*1;	*1;	;	*1:default;		CYP2C19	CYP2C19:wildtype/wildtype	EXTENSIVE/NORMAL METABOLIZER	
28	NA18617_subset	*1/*2	Intermediate Metabolizer	*1;	*2;	;	*2:10-96535124-A-G,10-96541616-G-A:0.457,0.405;*1:default;		CYP2C19	CYP2C19:wildtype/*2	INTERMEDIATE METABOLIZER	
29	NA07348_subset	*2/*17	Intermediate Metabolizer	*2;	*17;	;	*2:10-96541616-G-A,10-96535124-A-G:0.537,0.488;*17:10-96521657-C-T:0.472;		CYP2C19	CYP2C19:wildtype/*17_wildtype/*2	INTERMEDIATE METABOLIZER	
30	NA07029_subset	*8/*17	Intermediate Metabolizer	*8;	*17;	;	*8:10-96535173-T-C:0.455;*17:10-96521657-C-T:0.488;		CYP2C19	CYP2C19:wildtype/*17_wildtype/*8	INTERMEDIATE METABOLIZER	
31	NA18966_subset	*1/*1	Normal Metabolizer	*1;	*1;	;	*1:default;		CYP2C19	CYP2C19:wildtype/wildtype	EXTENSIVE/NORMAL METABOLIZER	
32	NA18544_subset	*1/*2	Intermediate Metabolizer	*1;	*2;	;	*2:10-96535124-A-G,10-96541616-G-A:0.417,0.395;*1:default;		CYP2C19	CYP2C19:wildtype/*2	INTERMEDIATE METABOLIZER	
33	NA19908_subset	*1/*17	Rapid Metabolizer	*1;	*17;	;	*17:10-96521657-C-T:0.455;*1:default;		CYP2C19	CYP2C19:wildtype/*17	EXTENSIVE/NORMAL METABOLIZER	
34	NA20296_subset	*1/*1	Normal Metabolizer	*1;	*1;	;	*1:default;		CYP2C19	CYP2C19:wildtype/wildtype	EXTENSIVE/NORMAL METABOLIZER	
35	NA19095_subset	*1/*1	Normal Metabolizer	*1;	*1;	;	*1:default;		CYP2C19	CYP2C19:wildtype/wildtype	EXTENSIVE/NORMAL METABOLIZER	
36	NA07357_subset	*2/*17	Intermediate Metabolizer	*2;	*17;	;	*2:10-96541616-G-A,10-96535124-A-G:0.513,0.372;*17:10-96521657-C-T:0.421;		CYP2C19	CYP2C19:wildtype/*17_wildtype/*2	INTERMEDIATE METABOLIZER	
37	NA18540_subset	*1/*2	Intermediate Metabolizer	*1;	*2;	;	*2:10-96541616-G-A,10-96535124-A-G:0.519,0.462;*1:default;		CYP2C19	CYP2C19:wildtype/*2	INTERMEDIATE METABOLIZER	
38	NA18855_subset	*1/*2	Intermediate Metabolizer	*1;	*2;	;	*2:10-96535124-A-G,10-96541616-G-A:0.562,0.396;*1:default;		CYP2C19	CYP2C19:wildtype/*2	INTERMEDIATE METABOLIZER	
39	NA19239_subset	*13/*17	Rapid Metabolizer	*13;	*17;	;	*17:10-96521657-C-T:0.422;*13:10-96609752-C-T:0.414;		CYP2C19	CYP2C19:wildtype/*17	EXTENSIVE/NORMAL METABOLIZER	
40	NA19147_subset	*1/*17	Rapid Metabolizer	*1;	*17;	;	*17:10-96521657-C-T:0.545;*1:default;		CYP2C19	CYP2C19:wildtype/*17	EXTENSIVE/NORMAL METABOLIZER	
41	NA12156_subset	*1/*1	Normal Metabolizer	*1;	*1;	;	*1:default;		CYP2C19	CYP2C19:wildtype/wildtype	EXTENSIVE/NORMAL METABOLIZER	
42	NA10831_subset	*1/*17	Rapid Metabolizer	*1;	*17;	;	*17:10-96521657-C-T:0.512;*1:default;		CYP2C19	CYP2C19:wildtype/*17	EXTENSIVE/NORMAL METABOLIZER	
43	NA18980_subset	*1/*1	Normal Metabolizer	*1;	*1;	;	*1:default;		CYP2C19	CYP2C19:wildtype/wildtype	EXTENSIVE/NORMAL METABOLIZER	
44	NA20509_subset	*2/*2	Poor Metabolizer	*2;	*2;	;	*2:10-96541616-G-A,10-96535124-A-G:1.0,1.0;		CYP2C19	CYP2C19:*2/*2	POOR METABOLIZER	
45	NA18484_subset	*1/*2	Intermediate Metabolizer	*1;	*2;	;	*2:10-96535124-A-G,10-96541616-G-A:0.441,0.446;*1:default;		CYP2C19	CYP2C19:wildtype/*2	INTERMEDIATE METABOLIZER	
46	NA19176_subset	*2/*17	Intermediate Metabolizer	*2;	*17;	;	*2:10-96535124-A-G,10-96541616-G-A:0.4,0.606;*17:10-96521657-C-T:0.514;		CYP2C19	CYP2C19:wildtype/*17_wildtype/*2	INTERMEDIATE METABOLIZER	
47	NA10854_subset	*1/*1	Normal Metabolizer	*1;	*1;	;	*1:default;		CYP2C19	CYP2C19:wildtype/wildtype	EXTENSIVE/NORMAL METABOLIZER	
48	NA07000_subset	*1/*17	Rapid Metabolizer	*1;	*17;	;	*17:10-96521657-C-T:0.526;*1:default;		CYP2C19	CYP2C19:wildtype/*17	EXTENSIVE/NORMAL METABOLIZER	
49	NA11832_subset	*1/*2	Intermediate Metabolizer	*1;	*2;	;	*2:10-96541616-G-A,10-96535124-A-G:0.551,0.41;*1:default;		CYP2C19	CYP2C19:wildtype/*2	INTERMEDIATE METABOLIZER	
50	HG00589_subset	*1/*1	Normal Metabolizer	*1;	*1;	;	*1:default;		CYP2C19	CYP2C19:wildtype/wildtype	EXTENSIVE/NORMAL METABOLIZER	
51	NA19226_subset	*1/*2	Intermediate Metabolizer	*1;	*2;	;	*2:10-96541616-G-A,10-96535124-A-G:0.431,0.514;*1:default;		CYP2C19	CYP2C19:wildtype/*2	INTERMEDIATE METABOLIZER	
52	NA19143_subset	*1/*39	Indeterminate	*39;	*1;	;	*39:10-96535180-A-C,10-96522517-A-C:0.514,0.576;*1:default;		CYP2C19	CYP2C19:wildtype/wildtype	EXTENSIVE/NORMAL METABOLIZER	
53	NA19917_subset	*2/*15	Intermediate Metabolizer	*15;	*2;	;	*2:10-96541616-G-A,10-96535124-A-G:0.417,0.484;*15:10-96522517-A-C:0.208;		CYP2C19	CYP2C19:wildtype/*2	INTERMEDIATE METABOLIZER	
54	NA18952_subset	*1/*1	Normal Metabolizer	*1;	*1;	;	*1:default;		CYP2C19	CYP2C19:wildtype/wildtype	EXTENSIVE/NORMAL METABOLIZER	
55	NA11839_subset	*1/*1	Normal Metabolizer	*1;	*1;	;	*1:default;		CYP2C19	CYP2C19:wildtype/wildtype	EXTENSIVE/NORMAL METABOLIZER	
56	NA19213_subset	*1/*39	Indeterminate	*39;	*1;	;	*39:10-96535180-A-C,10-96522517-A-C:0.429,0.525;*1:default;		CYP2C19	CYP2C19:wildtype/wildtype	EXTENSIVE/NORMAL METABOLIZER	
57	NA07056_subset	*1/*1	Normal Metabolizer	*1;	*1;	;	*1:default;		CYP2C19	CYP2C19:wildtype/wildtype	EXTENSIVE/NORMAL METABOLIZER	
58	NA19207_subset	*2/*17	Intermediate Metabolizer	*2;	*17;	;	*2:10-96535124-A-G,10-96541616-G-A:0.615,0.5;*17:10-96521657-C-T:0.447;		CYP2C19	CYP2C19:wildtype/*17_wildtype/*2	INTERMEDIATE METABOLIZER	
59	NA19122_subset	*2/*35	Poor Metabolizer	*2;*15;	*35;	;	*2:10-96541616-G-A,10-96535124-A-G:0.619,1.0;*35:10-96535124-A-G:1.0;*15:10-96522517-A-C:0.455;		CYP2C19	CYP2C19:wildtype/*2	INTERMEDIATE METABOLIZER	
60	NA19920_subset	*1/*1	Normal Metabolizer	*1;	*1;	;	*1:default;		CYP2C19	CYP2C19:wildtype/wildtype	EXTENSIVE/NORMAL METABOLIZER	
